{
    "f1": 0.5414847161572053,
    "roc_auc": 0.8434837392237764
}