{
    "f1": 0.537117903930131,
    "roc_auc": 0.8410779578008117
}