{
    "f1": 0.550408719346049,
    "roc_auc": 0.8330999296501573
}