{
    "f1": 0.5081967213114754,
    "roc_auc": 0.8577996278690574
}